Dia,Hora de início,Impressões
Domingo,00,19
Domingo,01,6
Domingo,02,10
Domingo,03,1
Domingo,04,1
Domingo,05,7
Domingo,06,17
Domingo,07,26
Domingo,08,31
Domingo,09,63
Domingo,10,102
Domingo,11,85
Domingo,12,84
Domingo,13,85
Domingo,14,70
Domingo,15,72
Domingo,16,62
Domingo,17,67
Domingo,18,64
Domingo,19,65
Domingo,20,47
Domingo,21,42
Domingo,22,42
Domingo,23,19
Segunda-feira,00,12
Segunda-feira,01,8
Segunda-feira,02,2
Segunda-feira,03,1
Segunda-feira,04,3
Segunda-feira,05,8
Segunda-feira,06,16
Segunda-feira,07,20
Segunda-feira,08,43
Segunda-feira,09,88
Segunda-feira,10,105
Segunda-feira,11,104
Segunda-feira,12,68
Segunda-feira,13,68
Segunda-feira,14,83
Segunda-feira,15,84
Segunda-feira,16,110
Segunda-feira,17,99
Segunda-feira,18,77
Segunda-feira,19,93
Segunda-feira,20,88
Segunda-feira,21,54
Segunda-feira,22,29
Segunda-feira,23,16
Terça-feira,00,14
Terça-feira,01,5
Terça-feira,02,5
Terça-feira,03,4
Terça-feira,04,2
Terça-feira,05,11
Terça-feira,06,23
Terça-feira,07,35
Terça-feira,08,53
Terça-feira,09,70
Terça-feira,10,81
Terça-feira,11,85
Terça-feira,12,73
Terça-feira,13,69
Terça-feira,14,93
Terça-feira,15,89
Terça-feira,16,99
Terça-feira,17,78
Terça-feira,18,79
Terça-feira,19,138
Terça-feira,20,107
Terça-feira,21,72
Terça-feira,22,61
Terça-feira,23,32
Quarta-feira,00,13
Quarta-feira,01,16
Quarta-feira,02,4
Quarta-feira,03,4
Quarta-feira,04,5
Quarta-feira,05,9
Quarta-feira,06,18
Quarta-feira,07,36
Quarta-feira,08,36
Quarta-feira,09,68
Quarta-feira,10,78
Quarta-feira,11,76
Quarta-feira,12,104
Quarta-feira,13,57
Quarta-feira,14,54
Quarta-feira,15,56
Quarta-feira,16,81
Quarta-feira,17,95
Quarta-feira,18,65
Quarta-feira,19,78
Quarta-feira,20,82
Quarta-feira,21,95
Quarta-feira,22,79
Quarta-feira,23,18
Quinta-feira,00,19
Quinta-feira,01,8
Quinta-feira,02,2
Quinta-feira,03,5
Quinta-feira,04,7
Quinta-feira,05,11
Quinta-feira,06,14
Quinta-feira,07,66
Quinta-feira,08,72
Quinta-feira,09,104
Quinta-feira,10,85
Quinta-feira,11,69
Quinta-feira,12,66
Quinta-feira,13,62
Quinta-feira,14,65
Quinta-feira,15,38
Quinta-feira,16,107
Quinta-feira,17,61
Quinta-feira,18,51
Quinta-feira,19,35
Quinta-feira,20,34
Quinta-feira,21,6
Quinta-feira,22,8
Quinta-feira,23,0
Sexta-feira,00,16
Sexta-feira,01,7
Sexta-feira,02,0
Sexta-feira,03,3
Sexta-feira,04,6
Sexta-feira,05,10
Sexta-feira,06,16
Sexta-feira,07,19
Sexta-feira,08,43
Sexta-feira,09,43
Sexta-feira,10,57
Sexta-feira,11,85
Sexta-feira,12,74
Sexta-feira,13,60
Sexta-feira,14,76
Sexta-feira,15,90
Sexta-feira,16,75
Sexta-feira,17,44
Sexta-feira,18,53
Sexta-feira,19,59
Sexta-feira,20,49
Sexta-feira,21,53
Sexta-feira,22,25
Sexta-feira,23,16
Sábado,00,16
Sábado,01,4
Sábado,02,3
Sábado,03,9
Sábado,04,7
Sábado,05,4
Sábado,06,12
Sábado,07,28
Sábado,08,34
Sábado,09,75
Sábado,10,93
Sábado,11,94
Sábado,12,65
Sábado,13,84
Sábado,14,91
Sábado,15,51
Sábado,16,47
Sábado,17,65
Sábado,18,63
Sábado,19,86
Sábado,20,46
Sábado,21,36
Sábado,22,19
Sábado,23,30
