Nome do anunciante,Parcela de impressões,Parcela de impressões (Comparação),Parcela de vitórias,Parcela de vitórias (Comparação),Taxa de sobreposição,Taxa de sobreposição (Comparação),Taxa da parte superior da página,Taxa da parte superior da página (Comparação),Taxa de posição superior,Taxa de posição superior (Comparação)
Você,"18,01%","18,01%",Não há dados,Não há dados,Não há dados,Não há dados,"70,44%","70,44%",Não há dados,Não há dados
shopee.com.br,< 10%,< 10%,"17,03%","17,03%","12,28%","12,28%","75,50%","75,50%","44,35%","44,35%"
telhasgoias.com.br,< 10%,< 10%,"17,76%","17,76%","2,63%","2,63%","68,54%","68,54%","53,76%","53,76%"
mercadolivre.com.br,"39,17%","39,17%","12,83%","12,83%","51,43%","51,43%","79,90%","79,90%","55,89%","55,89%"
lojakingspan.com,< 10%,< 10%,"17,14%","17,14%","9,60%","9,60%","71,73%","71,73%","50,52%","50,52%"
perfilor.com.br,< 10%,< 10%,"17,55%","17,55%","13,47%","13,47%","41,73%","41,73%","18,91%","18,91%"
kingspan-isoeste.com.br,"13,56%","13,56%","16,48%","16,48%","17,44%","17,44%","67,06%","67,06%","48,58%","48,58%"
venussolucoes.com,< 10%,< 10%,"17,48%","17,48%","6,21%","6,21%","73,20%","73,20%","47,61%","47,61%"
isofourtelhas.com.br,< 10%,< 10%,"17,56%","17,56%","3,73%","3,73%","83,43%","83,43%","66,29%","66,29%"
telhacoisotelhas.com.br,"10,64%","10,64%","16,53%","16,53%","12,83%","12,83%","64,88%","64,88%","64,06%","64,06%"
