Palavra-chave da rede de pesquisa,Tipo de corresp.,Status do critério,Status da campanha,Status do grupo de anúncios,Custo,Cliques,CTR
comprar telha metálica,Corresp. de frase,Ativado,Ativado,Ativado,"R$ 265,05",240,"6,23%"
telha metálica orçamento,Corresp. de frase,Ativado,Ativado,Ativado,"R$ 209,09",190,"8,16%"
telha galvanizada preço,Corresp. de frase,Ativado,Ativado,Ativado,"R$ 88,32",79,"7,38%"
telha galvalume,Corresp. de frase,Ativado,Ativado,Ativado,"R$ 23,52",22,"13,50%"
comprar telha galvanizada,Corresp. de frase,Ativado,Ativado,Ativado,"R$ 16,50",16,"6,18%"
telha metalon preço,Corresp. de frase,Ativado,Ativado,Ativado,"R$ 10,30",10,"7,58%"
telha metalon galvanizado,Corresp. de frase,Ativado,Ativado,Ativado,"R$ 9,90",9,"9,28%"
telha aluzinco,Corresp. de frase,Ativado,Ativado,Ativado,"R$ 6,86",6,"6,52%"
telha aluzinco preço,Corresp. de frase,Ativado,Ativado,Ativado,"R$ 1,12",1,"20,00%"
telha galvalume preço,Corresp. de frase,Ativado,Ativado,Ativado,"R$ 0,00",0,"0,00%"
comprar telha galvalume,Corresp. de frase,Ativado,Ativado,Ativado,"R$ 0,00",0,"0,00%"
telha galvalume sob medida,Corresp. de frase,Ativado,Ativado,Ativado,"R$ 0,00",0,"0,00%"
telha aluzinco orçamento,Corresp. de frase,Ativado,Ativado,Ativado,"R$ 0,00",0,"0,00%"
telha galvalume orçamento,Corresp. de frase,Ativado,Ativado,Ativado,"R$ 0,00",0,"0,00%"
telha galvalume promocional,Corresp. de frase,Ativado,Ativado,Ativado,"R$ 0,00",0,"0,00%"
telha galvalume entrega rápida,Corresp. de frase,Ativado,Ativado,Ativado,"R$ 0,00",0,"0,00%"
