Palavra,Custo,Cliques,Impressões,Conversões,Principais consultas com a palavra
telha,"R$ 122,95",111,2.447,"0,00","(telha isotermica, telha sanduiche, telha de zinco)"
zinco,"R$ 35,91",31,699,"0,00","(telha de zinco, telhas de zinco, telha de zinco 6 metros)"
de,"R$ 39,06",33,691,"0,00","(telha de zinco, telhas de zinco, telha de zinco 6 metros)"
telha isotermica,"R$ 27,57",25,500,"0,00","(telha isotermica, telha isotermica preço, telha isotermica cuiaba)"
sanduiche,"R$ 12,76",12,475,"0,00","(telha sanduiche, telha sanduiche com forro, telha sanduiche preço)"
preço,"R$ 27,89",24,389,"0,00","(telha sanduiche preço, preço da telha isotérmica, telha isotérmica preço por metro)"
telha isotérmica,"R$ 25,27",22,342,"0,00","(telha isotérmica, telha isotérmica valor, valor da telha isotérmica)"
sanduíche,"R$ 21,93",20,326,"0,00","(telha sanduíche, telha sanduíche com forro, valor da telha sanduíche)"
telhas,"R$ 25,40",23,309,"0,00","(telhas isotermicas, telhas de zinco, telhas sanduiche)"
valor,"R$ 31,28",28,282,"0,00","(telha isotérmica valor, valor da telha isotérmica, valor da telha sanduíche)"
da telha,"R$ 27,03",23,263,"0,00","(valor da telha isotérmica, preço da telha isotérmica, valor da telha sanduíche)"
com,"R$ 5,10",5,260,"0,00","(telha sanduiche com forro, telha de zinco com isopor, telha sanduíche com forro)"
com forro,"R$ 0,93",1,183,"0,00","(telha sanduiche com forro, telha sanduíche com forro, telha isotérmica com forro)"
metros,"R$ 8,11",8,157,"0,00","(telha de zinco 6 metros, telha sanduíche 7 metros preço, telha isotérmica 6 metros preço)"
6,"R$ 8,27",7,118,"0,00","(telha de zinco 6 metros, telha isotérmica 6 metros preço, telhas de zinco 6 metros preço)"
telha termoacustica,"R$ 7,57",7,108,"0,00","(telha termoacustica, telha termoacustica rondonopolis, telha termoacustica sinop)"
telhas isotermicas,"R$ 7,63",7,102,"0,00","(telhas isotermicas, telhas isotermicas sinop)"
com isopor,"R$ 4,17",4,77,"0,00","(telha de zinco com isopor, valor da telha de zinco com isopor, telha de zinco com isopor 6 metros preço)"
o,"R$ 5,73",5,71,"0,00","(qual o valor da telha sanduíche, qual o valor da telha isotérmica, qual o valor da telha de zinco)"
galvanizada,"R$ 5,56",5,66,"0,00","(telha galvanizada, telha galvanizada preço, telhas galvanizada)"
qual,"R$ 5,73",5,61,"0,00","(qual o valor da telha sanduíche, qual o valor da telha isotérmica, qual o valor da telha de zinco)"
metro,"R$ 5,40",5,59,"0,00","(telha isotérmica preço por metro, valor do metro da telha isotérmica, quanto custa o metro da telha isotérmica)"
sinop,"R$ 4,47",4,54,"0,00","(telha termoacustica sinop, brastelha sinop, telhas termoacusticas sinop)"
telhado,"R$ 3,57",2,40,"0,00","(telhado de zinco, folha de zinco para telhado, telhado de zinco com isopor)"
galvalume,"R$ 0,00",0,36,"0,00",(telha galvalume)
por,"R$ 4,31",4,31,"0,00",(telha isotérmica preço por metro)
m2,"R$ 3,23",3,29,"0,00","(telha isotermica valor m2, telhas sanduíche preço m2, telha termoacústica valor m2)"
cuiaba,"R$ 1,93",2,28,"0,00","(telha isotérmica cuiaba preço, telha isotermica cuiaba)"
7 metros,"R$ 2,83",3,28,"0,00","(telha sanduíche 7 metros preço, telha de zinco com isopor 7 metros preço)"
brastelha,"R$ 3,23",2,22,"0,00","(brastelha sinop, brastelha sorriso)"
telhas termoacusticas,"R$ 1,22",1,21,"0,00","(telhas termoacusticas, telhas termoacusticas sinop)"
aço,"R$ 1,05",1,20,"0,00",(telha e aço)
amadeirado,"R$ 0,00",0,20,"0,00","(telha sanduíche com forro amadeirado, valor da telha sanduíche com forro amadeirado)"
e,"R$ 1,05",1,20,"0,00",(telha e aço)
do metro,"R$ 1,09",1,18,"0,00","(valor do metro da telha isotérmica, qual o valor do metro da telha sanduíche)"
rondonopolis,"R$ 2,93",3,16,"0,00",(telha termoacustica rondonopolis)
ondulada,"R$ 0,00",0,16,"0,00",(telha de zinco ondulada)
termica,"R$ 0,00",0,15,"0,00",(telha termica com forro)
telha térmica,"R$ 2,02",2,15,"0,00","(preço da telha térmica, telha térmica valor)"
folha de,"R$ 0,00",0,14,"0,00","(folha de zinco para telhado, folha de zinco para telhado preço)"
para telhado,"R$ 0,00",0,14,"0,00","(folha de zinco para telhado, folha de zinco para telhado preço)"
galvanizadas,"R$ 0,00",0,14,"0,00",(telhas galvanizadas)
telha termoacústica,"R$ 0,00",0,13,"0,00","(telha termoacústica, telha termoacústica valor m2)"
trapezio,"R$ 1,15",1,11,"0,00",(telha trapezio)
em,"R$ 0,00",0,10,"0,00",(telha isotérmica em cuiabá)
5,"R$ 0,00",0,10,"0,00",(telha de zinco 5 metros preço)
sorriso,"R$ 2,00",1,10,"0,00",(brastelha sorriso)
custa,"R$ 0,00",0,10,"0,00",(quanto custa o metro da telha isotérmica)
cuiabá,"R$ 0,00",0,10,"0,00",(telha isotérmica em cuiabá)
quanto,"R$ 0,00",0,10,"0,00",(quanto custa o metro da telha isotérmica)
trapezoidal,"R$ 0,00",0,9,"0,00",(telha trapezoidal)
alumínio,"R$ 1,24",1,9,"0,00",(telha de alumínio)
semi,"R$ 0,00",0,9,"0,00",(telha semi sanduiche)
amadeirada,"R$ 0,00",0,8,"0,00",(telha isotermica amadeirada)
metal,"R$ 0,00",0,8,"0,00",(telha de metal)
é,"R$ 0,00",0,8,"0,00",(qual é o preço da telha de zinco)
isotérmicas,"R$ 0,00",0,7,"0,00",(telhas isotérmicas)
mais,"R$ 0,96",1,7,"0,00",(fábrica de telha sanduíche mais próximo)
fábrica,"R$ 0,96",1,7,"0,00",(fábrica de telha sanduíche mais próximo)
pir,"R$ 0,00",0,7,"0,00",(telha sanduiche pir)
3,"R$ 0,00",0,7,"0,00",(telha de zinco 3 metros preço)
próximo,"R$ 0,96",1,7,"0,00",(fábrica de telha sanduíche mais próximo)
aluzinco,"R$ 1,05",1,6,"0,00",(telha aluzinco)
m,"R$ 2,99",2,6,"0,00",(preço da telha de zinco de 6 m)
