Pesquisar,Custo,Cliques,Impressões,Conversões
telha isotermica,"R$ 18,71",17,428,"0,00"
telha sanduiche,"R$ 9,53",9,280,"0,00"
telha de zinco,"R$ 10,07",9,279,"0,00"
telha sanduíche,"R$ 2,08",2,103,"0,00"
telha sanduiche com forro,"R$ 0,00",0,99,"0,00"
telhas isotermicas,"R$ 6,59",6,94,"0,00"
telha isotérmica,"R$ 4,54",4,88,"0,00"
telhas de zinco,"R$ 7,56",7,70,"0,00"
telha termoacustica,"R$ 2,26",2,69,"0,00"
telha isotérmica valor,"R$ 2,40",2,48,"0,00"
telha de zinco 6 metros,"R$ 1,05",1,43,"0,00"
telha de zinco com isopor,"R$ 0,95",1,43,"0,00"
telha zinco,"R$ 1,04",1,39,"0,00"
valor da telha isotérmica,"R$ 5,84",5,39,"0,00"
telha galvanizada,"R$ 3,47",3,37,"0,00"
telha galvalume,"R$ 0,00",0,36,"0,00"
telha sanduiche preço,"R$ 1,08",1,36,"0,00"
preço da telha isotérmica,"R$ 2,68",2,33,"0,00"
telha isotérmica preço por metro,"R$ 4,31",4,31,"0,00"
telhas sanduiche,"R$ 2,15",2,29,"0,00"
telha sanduíche com forro,"R$ 0,00",0,28,"0,00"
valor da telha sanduíche,"R$ 3,17",3,26,"0,00"
preço da telha sanduíche,"R$ 2,00",2,22,"0,00"
telha sanduíche 7 metros preço,"R$ 0,97",1,22,"0,00"
telha isotérmica com forro,"R$ 0,93",1,21,"0,00"
telha e aço,"R$ 1,05",1,20,"0,00"
telha isotermica preço,"R$ 2,43",2,20,"0,00"
telhado de zinco,"R$ 3,57",2,18,"0,00"
qual o valor da telha sanduíche,"R$ 1,01",1,16,"0,00"
telha de zinco ondulada,"R$ 0,00",0,16,"0,00"
telha termoacustica rondonopolis,"R$ 2,93",3,16,"0,00"
telha termoacustica sinop,"R$ 0,00",0,16,"0,00"
valor da telha de zinco,"R$ 3,26",3,16,"0,00"
telha galvanizada preço,"R$ 0,00",0,15,"0,00"
telha isotérmica 6 metros preço,"R$ 2,41",2,15,"0,00"
telha isotérmica cuiaba preço,"R$ 0,92",1,15,"0,00"
telha sanduíche valor,"R$ 1,90",2,15,"0,00"
telha termica com forro,"R$ 0,00",0,15,"0,00"
telhas de zinco 6 metros preço,"R$ 0,00",0,15,"0,00"
telhas galvanizadas,"R$ 0,00",0,14,"0,00"
preço da telha de zinco,"R$ 0,00",0,13,"0,00"
qual o valor da telha isotérmica,"R$ 1,24",1,13,"0,00"
telha isotermica cuiaba,"R$ 1,01",1,13,"0,00"
telha sanduíche com forro amadeirado,"R$ 0,00",0,13,"0,00"
telhas sanduíche,"R$ 3,54",3,13,"0,00"
brastelha sinop,"R$ 1,23",1,12,"0,00"
telha isotermica valor m2,"R$ 3,23",3,12,"0,00"
telha de zinco preço,"R$ 0,00",0,11,"0,00"
telha trapezio,"R$ 1,15",1,11,"0,00"
telhas sanduíche preço m2,"R$ 0,00",0,11,"0,00"
telhas termoacusticas,"R$ 0,00",0,11,"0,00"
valor da telha de zinco com isopor,"R$ 1,36",1,11,"0,00"
valor do metro da telha isotérmica,"R$ 0,00",0,11,"0,00"
valor telha isotermica,"R$ 1,21",1,11,"0,00"
brastelha sorriso,"R$ 2,00",1,10,"0,00"
qual o valor da telha de zinco,"R$ 1,17",1,10,"0,00"
quanto custa o metro da telha isotérmica,"R$ 0,00",0,10,"0,00"
telha de zinco 5 metros preço,"R$ 0,00",0,10,"0,00"
telha de zinco 6 metros preço,"R$ 1,03",1,10,"0,00"
telha isotérmica em cuiabá,"R$ 0,00",0,10,"0,00"
telha sanduíche 6 metros preço,"R$ 0,79",1,10,"0,00"
telha zinco 6 metros,"R$ 0,00",0,10,"0,00"
telhas sanduíche preço,"R$ 1,21",1,10,"0,00"
telhas termoacusticas sinop,"R$ 1,22",1,10,"0,00"
preço de telha sanduíche,"R$ 1,99",1,9,"0,00"
preço telha sanduiche,"R$ 0,00",0,9,"0,00"
telha de alumínio,"R$ 1,24",1,9,"0,00"
telha de zinco com isopor 6 metros preço,"R$ 0,00",0,9,"0,00"
telha semi sanduiche,"R$ 0,00",0,9,"0,00"
telha trapezoidal,"R$ 0,00",0,9,"0,00"
telhas de zinco preço,"R$ 0,00",0,9,"0,00"
folha de zinco para telhado,"R$ 0,00",0,8,"0,00"
preço da telha térmica,"R$ 0,00",0,8,"0,00"
qual é o preço da telha de zinco,"R$ 0,00",0,8,"0,00"
telha de metal,"R$ 0,00",0,8,"0,00"
telha isotermica amadeirada,"R$ 0,00",0,8,"0,00"
telha isotermica sinop,"R$ 0,98",1,8,"0,00"
telhado de zinco com isopor,"R$ 0,00",0,8,"0,00"
telhas galvanizada,"R$ 2,09",2,8,"0,00"
telhas isotermicas sinop,"R$ 1,04",1,8,"0,00"
valor de telha isotérmica,"R$ 0,00",0,8,"0,00"
fábrica de telha sanduíche mais próximo,"R$ 0,96",1,7,"0,00"
qual o preço da telha sanduíche,"R$ 1,22",1,7,"0,00"
qual o valor do metro da telha sanduíche,"R$ 1,09",1,7,"0,00"
telha de zinco 3 metros preço,"R$ 0,00",0,7,"0,00"
telha sanduiche pir,"R$ 0,00",0,7,"0,00"
telha termoacustica valor,"R$ 2,38",2,7,"0,00"
telha termoacústica,"R$ 0,00",0,7,"0,00"
telha térmica valor,"R$ 2,02",2,7,"0,00"
telhas isotérmicas,"R$ 0,00",0,7,"0,00"
valor da telha sanduíche com forro amadeirado,"R$ 0,00",0,7,"0,00"
folha de zinco para telhado preço,"R$ 0,00",0,6,"0,00"
preço da telha de zinco de 6 m,"R$ 2,99",2,6,"0,00"
preço telha de zinco,"R$ 0,00",0,6,"0,00"
telha aluzinco,"R$ 1,05",1,6,"0,00"
telha de zinco com isopor 7 metros preço,"R$ 1,86",2,6,"0,00"
telha de zinco galvanizada,"R$ 0,00",0,6,"0,00"
telha de zinco valor,"R$ 0,00",0,6,"0,00"
telha sanduiche valor,"R$ 0,00",0,6,"0,00"
telha termoacústica valor m2,"R$ 0,00",0,6,"0,00"
