Semana,Cliques,Impressões,CPC méd.,Custo
Semana de 1 de jun. de 2026,0,0,"R$ 0,00","R$ 0,00"
Semana de 8 de jun. de 2026,0,0,"R$ 0,00","R$ 0,00"
Semana de 15 de jun. de 2026,0,0,"R$ 0,00","R$ 0,00"
Semana de 22 de jun. de 2026,0,0,"R$ 0,00","R$ 0,00"
Semana de 29 de jun. de 2026,0,0,"R$ 0,00","R$ 0,00"
Semana de 6 de jul. de 2026,0,0,"R$ 0,00","R$ 0,00"
Semana de 13 de jul. de 2026,0,0,"R$ 0,00","R$ 0,00"
Semana de 20 de jul. de 2026,0,0,"R$ 0,00","R$ 0,00"
Semana de 27 de jul. de 2026,35,338,"R$ 1,42","R$ 49,85"
Semana de 3 de ago. de 2026,66,866,"R$ 1,10","R$ 72,90"
Semana de 10 de ago. de 2026,63,651,"R$ 1,00","R$ 62,96"
Semana de 17 de ago. de 2026,65,824,"R$ 1,10","R$ 71,56"
Semana de 24 de ago. de 2026,63,868,"R$ 1,07","R$ 67,56"
Semana de 31 de ago. de 2026,66,964,"R$ 1,04","R$ 68,55"
Semana de 7 de set. de 2026,65,1.100,"R$ 1,10","R$ 71,80"
Semana de 14 de set. de 2026,66,1.152,"R$ 1,11","R$ 73,41"
Semana de 21 de set. de 2026,69,1.032,"R$ 1,09","R$ 75,10"
Semana de 28 de set. de 2026,15,212,"R$ 1,13","R$ 16,98"
